{"cameraMode":{"drawMode":0,"name":"Shaded","section":"Shading Mode"},"sceneLighting":true,"audioPlay":false,"sceneViewState":{"m_AlwaysRefresh":false,"showFog":true,"showSkybox":true,"showFlares":true,"showImageEffects":true,"showParticleSystems":true,"showVisualEffectGraphs":true,"m_FxEnabled":true},"in2DMode":false,"pivot":{"x":-9.874719619750977,"y":-4.69216775894165,"z":-0.0023658275604248049},"rotation":{"x":0.016633762046694757,"y":0.8731127381324768,"z":0.02986379712820053,"w":-0.4863206744194031},"size":2.797400712966919,"orthographic":false}