{"cameraMode":{"drawMode":0,"name":"Shaded","section":"Shading Mode"},"sceneLighting":true,"audioPlay":false,"sceneViewState":{"m_AlwaysRefresh":false,"showFog":true,"showSkybox":true,"showFlares":true,"showImageEffects":true,"showParticleSystems":true,"showVisualEffectGraphs":true,"m_FxEnabled":true},"in2DMode":false,"pivot":{"x":-8.836557388305664,"y":5.413250923156738,"z":-0.3643004894256592},"rotation":{"x":0.016633762046694757,"y":0.8731127381324768,"z":0.02986379712820053,"w":-0.4863206744194031},"size":14.651423454284668,"orthographic":false}